loyalty_classification,total_deposits
Jade,927143774.8000013
Silver,504963110.4900007
Gold,388664979.02
Platinum,193908717.45999992
